issue_type,qtd_chamados,sla_medio_horas
Bug,237,39.70464135021097
Story,290,37.8448275862069
Task,277,41.111913357400724
