analista,qtd_chamados,sla_medio_horas,taxa_atendimento_sla
Adyna,148,39.351351351351354,0.918918918918919
Francinne,175,39.57714285714286,0.9028571428571428
Gionni Lucio,175,41.16,0.9142857142857143
Guilherme Francisco,157,39.66242038216561,0.9235668789808917
Matheus Malta,149,37.53691275167785,0.9463087248322147
